Workbook

Sheet Summary
A1: Puntoff - Summary
A3: Punter | B3: Total Bet | C3: Total Return | D3: % Return
A4: Beau | B4: =+Rounds!B6*Rounds!$B$3 -> 360 | C4: =SUM(Rounds!C6:BB6) -> 399.74 | D4: =+C4/(Rounds!$B$3*Rounds!B6) -> 1.1103889
A5: Bins | B5: =+Rounds!B7*Rounds!$B$3 -> 360 | C5: =SUM(Rounds!C7:BB7) -> 441.88 | D5: =+C5/(Rounds!$B$3*Rounds!B7) -> 1.2274444
A6: Chim | B6: =+Rounds!B8*Rounds!$B$3 -> 360 | C6: =SUM(Rounds!C8:BB8) -> 284.75 | D6: =+C6/(Rounds!$B$3*Rounds!B8) -> 0.79097222
A7: Phil | B7: =+Rounds!B9*Rounds!$B$3 -> 360 | C7: =SUM(Rounds!C9:BB9) -> 505.89 | D7: =+C7/(Rounds!$B$3*Rounds!B9) -> 1.40525
A8: Joicey | B8: =+Rounds!B10*Rounds!$B$3 -> 360 | C8: =SUM(Rounds!C10:BB10) -> 201 | D8: =+C8/(Rounds!$B$3*Rounds!B10) -> 0.55833333
A9: Kabes | B9: =+Rounds!B11*Rounds!$B$3 -> 360 | C9: =SUM(Rounds!C11:BB11) -> 307.62 | D9: =+C9/(Rounds!$B$3*Rounds!B11) -> 0.8545
A10: Wilso | B10: =+Rounds!B12*Rounds!$B$3 -> 360 | C10: =SUM(Rounds!C12:BB12) -> 356.63 | D10: =+C10/(Rounds!$B$3*Rounds!B12) -> 0.99063889
A11: Groom | B11: =+Rounds!B13*Rounds!$B$3 -> 360 | C11: =SUM(Rounds!C13:BB13) -> 348.41 | D11: =+C11/(Rounds!$B$3*Rounds!B13) -> 0.96780556
A12: Pete | B12: =+Rounds!B14*Rounds!$B$3 -> 360 | C12: =SUM(Rounds!C14:BB14) -> 190.5 | D12: =+C12/(Rounds!$B$3*Rounds!B14) -> 0.52916667
A13: Quaifey | B13: =+Rounds!B15*Rounds!$B$3 -> 360 | C13: =SUM(Rounds!C15:BB15) -> 265.94 | D13: =+C13/(Rounds!$B$3*Rounds!B15) -> 0.73872222
A15: Total | B15: =SUM(B4:B13) -> 3600 | C15: =SUM(C4:C13) -> 3302.36 | D15: =+C15/(Rounds!$B$3*Rounds!B16) -> 0.91732222

Sheet Rounds
A1: Puntoff - Rounds
A2: Sportsbet Balance | B2: 831.31
A3: Bets up to Round | B3: 18
A5: Punter | B5: Bet per Round | C5: 1 | D5: =+C5+1 -> 2 | E5: =+D5+1 -> 3 | F5: =+E5+1 -> 4 | G5: =+F5+1 -> 5 | H5: =+G5+1 -> 6 | I5: =+H5+1 -> 7 | J5: =+I5+1 -> 8 | K5: =+J5+1 -> 9 | ... BB5: =+BA5+1 -> 52
A6: Beau | B6: 20 | C6: 43.74 | G6: 88 | H6: 64 | I6: 76 | O6: 68 | Q6: 60
A7: Bins | B7: =+B6 -> 20 | D7: 40 | H7: 150 | J7: 20.72 | N7: 67.71 | P7: 41 | R7: 61.24 | S7: 38 | T7: 23.21
A8: Chim | B8: =+B7 -> 20 | C8: 44.7 | F8: 70 | H8: 65.67 | I8: 40.98 | R8: =37.59+25.81 -> 63.4
A9: Phil | B9: =+B8 -> 20 | C9: 82.35 | F9: 75 | L9: 150.54 | R9: 58 | S9: 140
A10: Joicey | B10: =+B9 -> 20 | C10: 80 | F10: 66 | O10: 20 | P10: 35
A11: Kabes | B11: =+B10 -> 20 | C11: 34 | F11: 37.5 | G11: 67.5 | I11: 59 | L11: 36.25 | M11: 17.5 | R11: 55.87
A12: Wilso | B12: =+B11 -> 20 | C12: 44.19 | E12: 25 | G12: 20 | I12: =18.13+35 -> 53.13 | K12: 50 | L12: 49 | M12: 36.86 | P12: 14.5 | Q12: 19.2 | S12: 21.75 | T12: 23
A13: Groom | B13: =+B12 -> 20 | G13: 34 | H13: 50 | J13: 15.89 | O13: 120 | Q13: 54.52 | S13: 74
A14: Pete | B14: =+B13 -> 20 | F14: 70 | J14: 37 | N14: 23.5 | S14: 60
A15: Quaifey | B15: =+B14 -> 20 | G15: 12.44 | H15: 18.5 | O15: 180 | S15: 55
A16: Total | B16: =SUM(B6:B15) -> 200 | C16: =SUM(C6:C15) -> 328.98 | D16: =SUM(D6:D15) -> 40 | E16: =SUM(E6:E15) -> 25 | F16: =SUM(F6:F15) -> 318.5 | G16: =SUM(G6:G15) -> 221.94 | H16: =SUM(H6:H15) -> 348.17 | I16: =SUM(I6:I15) -> 229.11 | ... BB16: =SUM(BB6:BB15) -> 0
